,Mutations,Pdb,Group1,Group2,IntraclashesGroup1,IntraclashesGroup2,Interaction Energy,StabilityGroup1,StabilityGroup2
0,YB489F;QB498L;,./6lzg_Repair_49.pdb,A,B,37.8329,14.8854,-18.4669,-148.166,35.5307
1,NB487K;YB489F;QB498L;,./6lzg_Repair_45.pdb,A,B,37.8329,15.1612,-18.4583,-148.165,35.9648
2,YB453F;YB489F;QB498L;,./6lzg_Repair_78.pdb,A,B,37.8645,14.8822,-18.0761,-148.398,34.1932
3,YB453F;QB498L;,./6lzg_Repair_84.pdb,A,B,37.8345,14.9107,-18.0339,-148.19,34.5704
4,YB453F;NB487K;YB489F;QB498L;,./6lzg_Repair_47.pdb,A,B,37.8642,15.1603,-18.0289,-148.38,34.6065
5,YB453F;NB487K;QB498L;,./6lzg_Repair_101.pdb,A,B,37.8345,15.1324,-18.0151,-148.188,34.9195
6,NB487K;YB489F;QB498L;TB500N;,./6lzg_Repair_44.pdb,A,B,37.8325,15.1606,-17.976,-147.931,35.2462
7,YB489F;QB498L;TB500N;,./6lzg_Repair_163.pdb,A,B,37.8322,14.8848,-17.8996,-147.955,34.8103
8,NB487K;YB489F;QB498L;TB500S;,./6lzg_Repair_57.pdb,A,B,37.8324,15.1038,-17.8384,-148.112,35.5737
9,YB489F;QB498L;TB500S;,./6lzg_Repair_54.pdb,A,B,37.8324,14.8206,-17.8222,-148.113,35.1108
10,NB487K;YB489F;QB498L;VB503D;,./6lzg_Repair_98.pdb,A,B,37.8329,15.2268,-17.736,-148.165,35.747
11,NB487K;QB498L;,./6lzg_Repair_177.pdb,A,B,37.8341,14.5129,-17.6763,-148.137,35.9882
12,YB453F;NB487K;QB498L;TB500N;,./6lzg_Repair_99.pdb,A,B,37.834,15.1318,-17.5327,-147.954,34.201
13,YB453F;NB487K;YB489F;QB498L;TB500N;,./6lzg_Repair_160.pdb,A,B,37.8642,15.1597,-17.5097,-148.19899999999998,33.8991
14,YB489F;QB498L;VB503D;,./6lzg_Repair_43.pdb,A,B,37.8662,14.956,-17.4869,-148.42600000000002,35.2816
15,YB453F;YB489F;QB498L;TB500N;,./6lzg_Repair_166.pdb,A,B,37.8643,14.8816,-17.4796,-148.24,33.4728
16,YB453F;QB498L;TB500N;,./6lzg_Repair_71.pdb,A,B,37.8337,14.9101,-17.4667,-147.97899999999998,33.85
17,YB453F;YB489F;QB498L;VB503D;,./6lzg_Repair_169.pdb,A,B,37.8657,15.0412,-17.4382,-148.405,34.0446
18,YB453F;YB489F;QB498L;TB500S;,./6lzg_Repair_5.pdb,A,B,37.8645,14.8175,-17.406,-148.398,33.7734
19,YB453F;NB487K;QB498L;TB500S;,./6lzg_Repair_70.pdb,A,B,37.834,15.0749,-17.3952,-148.135,34.5284
20,YB453F;QB498L;TB500S;,./6lzg_Repair_87.pdb,A,B,37.834,14.845999999999998,-17.3893,-148.137,34.1505
21,YB489F;QB498L;TB500N;VB503D;,./6lzg_Repair_158.pdb,A,B,37.8397,14.9503,-17.386,-148.026,34.5925
22,YB453F;NB487K;YB489F;QB498L;TB500S;,./6lzg_Repair_23.pdb,A,B,37.8642,15.1028,-17.3791,-148.38,34.2154
23,YB453F;NB487Y;YB489F;QB498L;,./6lzg_Repair_32.pdb,A,B,37.2755,21.3379,-17.3196,-148.857,40.0952
24,YB453F;NB487Y;QB498L;,./6lzg_Repair_95.pdb,A,B,37.2437,21.3053,-17.3129,-148.577,40.348
25,YB453F;QB498L;VB503D;,./6lzg_Repair_125.pdb,A,B,37.8345,14.9763,-17.3117,-148.19,34.352
26,YB453F;NB487K;YB489F;QB498L;VB503D;,./6lzg_Repair_156.pdb,A,B,37.8642,15.2258,-17.3067,-148.38,34.3881
27,YB453F;NB487K;QB498L;VB503D;,./6lzg_Repair_1.pdb,A,B,37.8345,15.2013,-17.2913,-148.188,34.6549
28,QB498L;TB500N;,./6lzg_Repair_60.pdb,A,B,37.8342,14.8974,-17.2128,-148.032,34.8775
29,NB487Y;QB498L;,./6lzg_Repair_115.pdb,A,B,37.2439,21.6435,-17.1935,-148.578,41.771
30,QB498L;TB500S;,./6lzg_Repair_111.pdb,A,B,37.8345,14.8333,-17.1339,-148.19,35.179
31,NB487K;YB489F;QB498L;TB500N;VB503D;,./6lzg_Repair_80.pdb,A,B,37.8372,15.2262,-17.1322,-148.037,35.0285
32,YB489F;QB498K;,./6lzg_Repair_56.pdb,A,B,37.8888,15.5072,-17.1208,-148.605,38.0248
33,NB487K;QB498L;TB500N;,./6lzg_Repair_124.pdb,A,B,37.8345,14.5123,-17.0939,-148.058,35.2735
34,NB487Y;YB489F;QB498L;,./6lzg_Repair_82.pdb,A,B,37.3053,21.3751,-17.0934,-148.72299999999998,40.9349
35,YB453F;YB489F;QB498K;,./6lzg_Repair_173.pdb,A,B,37.8888,15.5924,-17.0289,-148.605,36.7884
36,NB487K;QB498L;TB500S;,./6lzg_Repair_18.pdb,A,B,37.8345,14.4621,-16.993,-148.188,35.5787
37,YB453F;YB489F;QB498L;TB500N;VB503D;,./6lzg_Repair_198.pdb,A,B,37.8718,14.9472,-16.9659,-148.311,33.2544
38,QB498L;VB503D;,./6lzg_Repair_30.pdb,A,B,37.8347,14.9018,-16.9531,-148.192,35.2667
39,YB453F;QB498L;TB500N;VB503D;,./6lzg_Repair_185.pdb,A,B,37.8413,14.9757,-16.9531,-148.05,33.6315
40,YB453F;NB487Y;YB489F;QB498L;TB500N;,./6lzg_Repair_7.pdb,A,B,37.2755,21.5104,-16.9209,-148.70600000000002,39.5619
41,YB453F;QB498K;,./6lzg_Repair_154.pdb,A,B,37.8577,15.6091,-16.8833,-148.389,37.1285
42,NB487K;QB498L;VB503D;,./6lzg_Repair_205.pdb,A,B,37.8341,14.5268,-16.8831,-148.137,35.6847
43,YB489F;QB498L;TB500S;VB503D;,./6lzg_Repair_19.pdb,A,B,37.8675,14.9035,-16.8682,-148.514,34.8737
44,NB487K;YB489F;QB498K;,./6lzg_Repair_67.pdb,A,B,37.8939,15.7964,-16.8331,-148.713,38.1166
45,NB487K;YB489F;QB498K;TB500N;,./6lzg_Repair_97.pdb,A,B,37.8562,15.8135,-16.8106,-148.184,37.8332
46,YB453F;YB489F;QB498L;TB500S;VB503D;,./6lzg_Repair_188.pdb,A,B,37.8657,14.9887,-16.793,-148.405,33.6368
47,YB453F;NB487K;YB489F;QB498L;TB500S;VB503D;,./6lzg_Repair_128.pdb,A,B,37.8642,15.2582,-16.7722,-148.38,34.1044
48,YB453F;NB487Y;QB498L;TB500N;,./6lzg_Repair_38.pdb,A,B,37.2431,21.3053,-16.7665,-148.374,39.6347
49,YB489F;QB498K;TB500N;,./6lzg_Repair_204.pdb,A,B,37.8561,15.5831,-16.7588,-148.214,37.3929
50,YB453F;NB487Y;QB498L;TB500S;,./6lzg_Repair_51.pdb,A,B,37.2432,21.3308,-16.7395,-148.523,40.0433
51,QB498L;TB500N;VB503D;,./6lzg_Repair_194.pdb,A,B,37.8418,14.963,-16.6989,-148.10299999999998,34.6597
52,YB453F;NB487Y;YB489F;QB498L;TB500S;,./6lzg_Repair_91.pdb,A,B,37.2755,21.3065,-16.6941,-148.857,39.7132
53,YB453F;NB487K;QB498L;TB500N;VB503D;,./6lzg_Repair_123.pdb,A,B,37.8387,15.2008,-16.6875,-148.06,33.9364
54,YB453F;NB487K;QB498K;,./6lzg_Repair_109.pdb,A,B,37.8628,15.8523,-16.6855,-148.481,37.1973
55,YB453F;NB487K;YB489F;QB498L;TB500N;VB503D;,./6lzg_Repair_31.pdb,A,B,37.8644,15.2252,-16.6815,-148.26,33.6806
56,YB453F;NB487K;QB498L;TB500S;VB503D;,./6lzg_Repair_29.pdb,A,B,37.834,15.1691,-16.6714,-148.135,34.287
57,NB487K;QB498K;,./6lzg_Repair_34.pdb,A,B,37.8577,15.1217,-16.6395,-148.387,38.4014
58,NB487Y;QB498L;TB500S;,./6lzg_Repair_168.pdb,A,B,37.2443,21.6444,-16.6364,-148.597,41.4438
59,NB487Y;YB489F;QB498K;,./6lzg_Repair_121.pdb,A,B,37.2981,22.186999999999998,-16.6115,-148.99200000000002,44.0112
60,NB487Y;QB498L;TB500N;,./6lzg_Repair_191.pdb,A,B,37.2437,21.568,-16.5943,-148.39700000000002,40.982
61,YB453F;NB487Y;QB498L;VB503D;,./6lzg_Repair_145.pdb,A,B,37.2437,21.3742,-16.5892,-148.577,40.0836
62,YB453F;NB487Y;YB489F;QB498L;VB503D;,./6lzg_Repair_68.pdb,A,B,37.2755,21.3714,-16.5812,-148.857,39.8188
63,YB489F;QB498K;TB500S;,./6lzg_Repair_36.pdb,A,B,37.8888,15.5096,-16.5528,-148.605,37.7015
64,NB487Y;YB489F;QB498L;TB500N;,./6lzg_Repair_69.pdb,A,B,37.3056,21.3423,-16.5153,-148.615,40.1889
65,NB487K;QB498L;TB500N;VB503D;,./6lzg_Repair_138.pdb,A,B,37.8413,14.5778,-16.5113,-148.109,35.0558
66,YB453F;QB498L;TB500S;VB503D;,./6lzg_Repair_195.pdb,A,B,37.8364,14.9932,-16.5112,-148.298,33.7449
67,NB487K;YB489F;QB498L;TB500S;VB503D;,./6lzg_Repair_81.pdb,A,B,37.8367,15.2713,-16.5077,-148.58700000000002,35.1911
68,NB487Y;QB498L;VB503D;,./6lzg_Repair_58.pdb,A,B,37.2439,21.7125,-16.4699,-148.578,41.5068
69,YB453F;YB489F;QB498K;TB500S;,./6lzg_Repair_178.pdb,A,B,37.8888,15.5948,-16.461,-148.605,36.4652
70,NB487Y;YB489F;QB498L;TB500S;,./6lzg_Repair_114.pdb,A,B,37.3057,21.3437,-16.4261,-148.765,40.5529
71,YB489F;QB498K;VB503D;,./6lzg_Repair_55.pdb,A,B,37.8888,15.5762,-16.4196,-148.605,37.7606
72,QB498L;TB500S;VB503D;,./6lzg_Repair_66.pdb,A,B,37.8351,14.9145,-16.4036,-148.21,34.9271
73,YB453F;NB487K;YB489F;QB498K;TB500N;,./6lzg_Repair_139.pdb,A,B,37.8873,15.8125,-16.3744,-148.401,36.475
74,YB453F;NB487K;QB498K;TB500N;,./6lzg_Repair_199.pdb,A,B,37.8578,15.7846,-16.3673,-148.207,36.788000000000004
75,YB453F;YB489F;QB498K;TB500N;,./6lzg_Repair_151.pdb,A,B,37.8875,15.58,-16.3611,-148.447,36.0554
76,NB487Y;YB489F;QB498L;VB503D;,./6lzg_Repair_152.pdb,A,B,37.3053,21.4086,-16.3477,-148.72299999999998,40.6592
77,YB453F;YB489F;QB498K;VB503D;,./6lzg_Repair_113.pdb,A,B,37.8888,15.6614,-16.3277,-148.605,36.5236
78,YB453F;QB498K;TB500N;,./6lzg_Repair_13.pdb,A,B,37.8576,15.6085,-16.3257,-148.238,36.4326
79,YB453F;QB498K;TB500S;,./6lzg_Repair_170.pdb,A,B,37.8577,15.6115,-16.3153,-148.389,36.8051
80,YB453F;NB487K;YB489F;QB498K;TB500S;,./6lzg_Repair_164.pdb,A,B,37.8873,15.8158,-16.3063,-148.58,36.854
81,NB487K;YB489F;,./6lzg_Repair_172.pdb,A,B,37.8562,15.7135,-16.2938,-148.364,37.4096
82,YB453F;NB487Y;YB489F;QB498K;,./6lzg_Repair_150.pdb,A,B,37.2978,22.0631,-16.2694,-148.991,42.6872
83,NB487K;YB489F;QB498K;TB500S;,./6lzg_Repair_64.pdb,A,B,37.8939,15.7987,-16.2617,-148.713,37.7889
84,NB487K;QB498L;TB500S;VB503D;,./6lzg_Repair_103.pdb,A,B,37.8345,14.5383,-16.2316,-148.188,35.4313
85,YB453F;NB487Y;YB489F;QB498L;TB500N;VB503D;,./6lzg_Repair_28.pdb,A,B,37.2803,21.5759,-16.2098,-148.816,39.343
86,YB453F;NB487Y;QB498K;,./6lzg_Repair_26.pdb,A,B,37.2669,22.0614,-16.2084,-148.776,42.9697
87,YB489F;QB498K;TB500N;VB503D;,./6lzg_Repair_65.pdb,A,B,37.8628,15.6487,-16.147000000000002,-148.282,37.176
88,NB487K;YB489F;QB498K;VB503D;,./6lzg_Repair_127.pdb,A,B,37.8939,15.8653,-16.1319,-148.713,37.8525
89,NB487K;QB498K;TB500S;,./6lzg_Repair_105.pdb,A,B,37.6952,15.1021,-16.1167,-148.834,38.0583
90,YB453F;NB487K;QB498K;TB500S;,./6lzg_Repair_180.pdb,A,B,37.8628,15.8546,-16.1142,-148.481,36.8696
91,QB498K;TB500S;,./6lzg_Repair_17.pdb,A,B,37.8577,15.5206,-16.1142,-148.389,37.7549
92,QB498K;TB500N;,./6lzg_Repair_2.pdb,A,B,37.8576,15.5958,-16.1002,-148.238,37.4611
93,NB487K;QB498K;TB500N;,./6lzg_Repair_94.pdb,A,B,37.6948,15.0992,-16.1,-148.692,37.7105
94,NB487Y;QB498K;,./6lzg_Repair_186.pdb,A,B,37.2669,22.2396,-16.0709,-148.776,44.2136
95,YB453F;QB498K;VB503D;,./6lzg_Repair_192.pdb,A,B,37.8577,15.6659,-16.0622,-148.389,36.6318
96,YB453F;NB487Y;QB498L;TB500N;VB503D;,./6lzg_Repair_33.pdb,A,B,37.2494,21.3743,-16.0464,-148.46,39.3704
97,NB487Y;YB489F;QB498K;TB500S;,./6lzg_Repair_159.pdb,A,B,37.2981,22.1894,-16.0401,-148.99200000000002,43.6835
98,YB453F;NB487Y;QB498L;TB500S;VB503D;,./6lzg_Repair_35.pdb,A,B,37.2432,21.3998,-16.0154,-148.523,39.7792
99,YB453F;NB487Y;YB489F;QB498L;TB500S;VB503D;,./6lzg_Repair_27.pdb,A,B,37.2755,21.3711,-16.0029,-148.857,39.4947
100,YB453F;NB487K;QB498K;VB503D;,./6lzg_Repair_72.pdb,A,B,37.8628,15.9213,-15.9843,-148.481,36.933
101,QB498K;VB503D;,./6lzg_Repair_144.pdb,A,B,37.8577,15.5872,-15.981,-148.389,37.814
102,NB487K;YB489F;QB498K;TB500N;VB503D;,./6lzg_Repair_107.pdb,A,B,37.8658,15.879000000000001,-15.9796,-148.295,37.6163
103,NB487K;QB498K;VB503D;,./6lzg_Repair_167.pdb,A,B,37.8577,15.1873,-15.9411,-148.387,38.1844
104,NB487Y;QB498L;TB500N;VB503D;,./6lzg_Repair_15.pdb,A,B,37.2484,21.837,-15.9265,-148.502,40.975
105,NB487Y;QB498L;TB500S;VB503D;,./6lzg_Repair_90.pdb,A,B,37.2443,21.7133,-15.9122,-148.597,41.1796
106,NB487Y;YB489F;QB498K;VB503D;,./6lzg_Repair_182.pdb,A,B,37.2981,22.256,-15.9102,-148.99200000000002,43.7471
107,YB453F;YB489F;,./6lzg_Repair_53.pdb,A,B,37.8876,15.4345,-15.904000000000002,-148.59799999999998,35.6381
108,YB453F;NB487K;YB489F;,./6lzg_Repair_181.pdb,A,B,37.8873,15.7125,-15.8568,-148.58,36.0514
109,YB489F;QB498K;TB500S;VB503D;,./6lzg_Repair_132.pdb,A,B,37.8888,15.5785,-15.8512,-148.605,37.4374
110,YB453F;NB487K;,./6lzg_Repair_108.pdb,A,B,37.8577,15.6846,-15.8504,-148.387,36.3644
111,NB487Y;YB489F;QB498L;TB500N;VB503D;,./6lzg_Repair_10.pdb,A,B,37.3115,21.4078,-15.78,-148.703,39.9712
112,YB453F;YB489F;QB498K;TB500S;VB503D;,./6lzg_Repair_119.pdb,A,B,37.8888,15.6637,-15.7593,-148.605,36.2004
113,YB453F;NB487Y;YB489F;QB498K;TB500N;,./6lzg_Repair_75.pdb,A,B,37.2978,22.0624,-15.759,-148.816,41.9867
114,YB453F;YB489F;QB498K;TB500N;VB503D;,./6lzg_Repair_171.pdb,A,B,37.8943,15.6455,-15.7493,-148.515,35.8378
115,NB487Y;YB489F;QB498L;TB500S;VB503D;,./6lzg_Repair_183.pdb,A,B,37.3057,21.4083,-15.7426,-148.765,40.3351
116,YB453F;QB498K;TB500N;VB503D;,./6lzg_Repair_118.pdb,A,B,37.8643,15.674000000000001,-15.7139,-148.306,36.215
117,YB453F;NB487Y;QB498K;TB500N;,./6lzg_Repair_147.pdb,A,B,37.266999999999996,22.0608,-15.7116,-148.595,42.2674
118,NB487K;YB489F;TB500N;,./6lzg_Repair_161.pdb,A,B,37.8562,15.7129,-15.7054,-148.184,36.5708
119,YB453F;NB487Y;YB489F;QB498K;TB500S;,./6lzg_Repair_52.pdb,A,B,37.2978,22.0654,-15.7014,-148.991,42.3638
120,YB489F;TB500N;,./6lzg_Repair_202.pdb,A,B,37.8561,15.437000000000001,-15.6531,-148.214,36.1346
121,Wild-Type,./6lzg_Repair.pdb,A,B,37.8577,15.4503,-15.6438,-148.389,37.0438
122,YB453F;NB487Y;QB498K;TB500S;,./6lzg_Repair_165.pdb,A,B,37.2669,22.0638,-15.6403,-148.776,42.6464
123,YB453F;NB487K;YB489F;QB498K;TB500S;VB503D;,./6lzg_Repair_50.pdb,A,B,37.8873,15.8813,-15.6075,-148.58,36.6364
124,NB487K;YB489F;TB500S;,./6lzg_Repair_120.pdb,A,B,37.8562,15.7158,-15.6062,-148.364,36.9728
125,NB487K;YB489F;VB503D;,./6lzg_Repair_162.pdb,A,B,37.8562,15.779000000000002,-15.5926,-148.364,37.1927
126,YB453F;NB487Y;YB489F;QB498K;VB503D;,./6lzg_Repair_133.pdb,A,B,37.2978,22.1286,-15.5711,-148.991,42.4695
127,NB487K;YB489F;QB498K;TB500S;VB503D;,./6lzg_Repair_9.pdb,A,B,37.8939,15.8677,-15.56,-148.713,37.5248
128,NB487K;QB498K;TB500N;VB503D;,./6lzg_Repair_146.pdb,A,B,37.7028,15.1647,-15.554,-148.681,37.4936
129,YB453F;NB487K;YB489F;QB498K;TB500N;VB503D;,./6lzg_Repair_155.pdb,A,B,37.8969,15.8781,-15.5434,-148.511,36.2573
130,YB453F;NB487K;QB498K;TB500N;VB503D;,./6lzg_Repair_112.pdb,A,B,37.8674,15.8536,-15.5334,-148.31799999999998,36.5232
131,YB453F;NB487Y;QB498K;VB503D;,./6lzg_Repair_79.pdb,A,B,37.2669,22.1304,-15.5072,-148.776,42.7049
132,NB487Y;QB498K;TB500S;,./6lzg_Repair_189.pdb,A,B,37.2669,22.241999999999997,-15.503,-148.776,43.8904
133,YB453F;QB498K;TB500S;VB503D;,./6lzg_Repair_86.pdb,A,B,37.8577,15.6682,-15.4938,-148.389,36.3086
134,QB498K;TB500N;VB503D;,./6lzg_Repair_135.pdb,A,B,37.8643,15.6613,-15.4884,-148.306,37.2442
135,NB487Y;YB489F;QB498K;TB500N;,./6lzg_Repair_76.pdb,A,B,37.329,22.0996,-15.449000000000002,-148.8,42.8264
136,NB487Y;QB498K;TB500N;,./6lzg_Repair_141.pdb,A,B,37.2669,22.3235,-15.447000000000001,-148.645,43.6261
137,NB487K;QB498K;TB500S;VB503D;,./6lzg_Repair_73.pdb,A,B,37.6952,15.1677,-15.4179,-148.834,37.8414
138,QB498K;TB500S;VB503D;,./6lzg_Repair_174.pdb,A,B,37.8577,15.5896,-15.4126,-148.389,37.4908
139,YB453F;NB487K;QB498K;TB500S;VB503D;,./6lzg_Repair_48.pdb,A,B,37.8628,15.9236,-15.4125,-148.481,36.6053
140,YB489F;TB500S;,./6lzg_Repair_6.pdb,A,B,37.8888,15.4416,-15.3941,-148.605,36.5535
141,YB453F;NB487K;YB489F;QB498K;,./6lzg_Repair_77.pdb,A,B,37.8873,15.728,-15.3887,-148.58,35.9078
142,YB489F;VB503D;,./6lzg_Repair_200.pdb,A,B,37.8888,15.5083,-15.3776,-148.605,36.7262
143,NB487Y;QB498K;VB503D;,./6lzg_Repair_126.pdb,A,B,37.2669,22.3086,-15.3697,-148.776,43.9495
144,NB487Y;YB489F;QB498K;TB500S;VB503D;,./6lzg_Repair_16.pdb,A,B,37.2981,22.2583,-15.3384,-148.99200000000002,43.4194
145,YB453F;YB489F;VB503D;,./6lzg_Repair_187.pdb,A,B,37.8888,15.5934,-15.2858,-148.605,35.4893
146,YB453F;NB487K;YB489F;TB500N;,./6lzg_Repair_153.pdb,A,B,37.8873,15.7119,-15.2685,-148.401,35.2125
147,YB453F;NB487K;TB500N;,./6lzg_Repair_3.pdb,A,B,37.8578,15.684000000000001,-15.262,-148.207,35.5255
148,YB453F;YB489F;TB500N;,./6lzg_Repair_11.pdb,A,B,37.8875,15.4339,-15.2547,-148.447,34.7972
149,YB453F;NB487Y;YB489F;,./6lzg_Repair_134.pdb,A,B,37.2978,21.9169,-15.2547,-148.991,41.5739
150,YB453F;TB500N;,./6lzg_Repair_143.pdb,A,B,37.8576,15.4624,-15.22,-148.238,35.1743
151,YB453F;YB489F;TB500S;,./6lzg_Repair_149.pdb,A,B,37.8876,15.4368,-15.2164,-148.59799999999998,35.2012
152,YB453F;NB487Y;,./6lzg_Repair_14.pdb,A,B,37.2669,21.9153,-15.1943,-148.776,41.8565
153,YB453F;TB500S;,./6lzg_Repair_41.pdb,A,B,37.8577,15.4653,-15.1818,-148.389,35.5784
154,YB453F;NB487K;YB489F;TB500S;,./6lzg_Repair_122.pdb,A,B,37.8873,15.7149,-15.1693,-148.58,35.6145
155,YB453F;VB503D;,./6lzg_Repair_116.pdb,A,B,37.8577,15.5285,-15.1681,-148.389,35.7976
156,YB453F;NB487K;TB500S;,./6lzg_Repair_63.pdb,A,B,37.8577,15.687000000000001,-15.1629,-148.387,35.9275
157,YB453F;NB487K;YB489F;VB503D;,./6lzg_Repair_142.pdb,A,B,37.8873,15.777999999999999,-15.1556,-148.58,35.8337
158,YB453F;NB487K;VB503D;,./6lzg_Repair_42.pdb,A,B,37.8577,15.7536,-15.1464,-148.387,36.0996
159,YB489F;TB500N;VB503D;,./6lzg_Repair_88.pdb,A,B,37.8628,15.5026,-15.0417,-148.282,35.9177
160,YB453F;NB487Y;YB489F;QB498K;TB500N;VB503D;,./6lzg_Repair_93.pdb,A,B,37.3044,22.128,-15.0398,-148.933,41.7691
161,YB453F;NB487Y;YB489F;QB498K;TB500S;VB503D;,./6lzg_Repair_129.pdb,A,B,37.2978,22.1309,-15.0026,-148.991,42.1462
162,NB487Y;YB489F;,./6lzg_Repair_175.pdb,A,B,37.329,21.9541,-14.9447,-148.975,42.4136
163,YB453F;NB487Y;QB498K;TB500S;VB503D;,./6lzg_Repair_102.pdb,A,B,37.2669,22.1327,-14.9387,-148.776,42.3816
164,NB487K;YB489F;TB500S;VB503D;,./6lzg_Repair_61.pdb,A,B,37.8562,15.7814,-14.9046,-148.364,36.7558
165,NB487K;YB489F;TB500N;VB503D;,./6lzg_Repair_130.pdb,A,B,37.8658,15.7784,-14.8746,-148.295,36.3538
166,YB453F;NB487Y;QB498K;TB500N;VB503D;,./6lzg_Repair_140.pdb,A,B,37.2717,22.1297,-14.8649,-148.701,42.0026
167,NB487Y;QB498K;TB500N;VB503D;,./6lzg_Repair_12.pdb,A,B,37.2738,22.389,-14.8639,-148.697,43.4091
168,NB487K;TB500N;,./6lzg_Repair_20.pdb,A,B,37.8577,15.0645,-14.8511,-148.262,36.5936
169,NB487K;TB500S;,./6lzg_Repair_148.pdb,A,B,37.8577,15.0675,-14.8211,-148.387,36.9962
170,NB487K;VB503D;,./6lzg_Repair_206.pdb,A,B,37.8577,15.1307,-14.8075,-148.387,37.2161
171,NB487Y;QB498K;TB500S;VB503D;,./6lzg_Repair_4.pdb,A,B,37.2669,22.3109,-14.8013,-148.776,43.6262
172,NB487Y;YB489F;QB498K;TB500N;VB503D;,./6lzg_Repair_201.pdb,A,B,37.3356,22.1652,-14.7298,-148.917,42.6095
173,YB453F;NB487K;YB489F;QB498K;VB503D;,./6lzg_Repair_131.pdb,A,B,37.8873,15.7936,-14.6908,-148.58,35.6902
174,YB489F;TB500S;VB503D;,./6lzg_Repair_21.pdb,A,B,37.8888,15.5106,-14.6897,-148.605,36.2894
175,YB453F;NB487Y;YB489F;TB500N;,./6lzg_Repair_39.pdb,A,B,37.2978,21.9163,-14.6545,-148.816,40.7321
176,YB453F;YB489F;TB500N;VB503D;,./6lzg_Repair_203.pdb,A,B,37.8943,15.4994,-14.6433,-148.515,34.5795
177,YB453F;TB500N;VB503D;,./6lzg_Repair_157.pdb,A,B,37.8643,15.5279,-14.6087,-148.306,34.9567
178,YB453F;NB487Y;TB500N;,./6lzg_Repair_22.pdb,A,B,37.266999999999996,21.9147,-14.6009,-148.595,41.0264
179,YB453F;YB489F;TB500S;VB503D;,./6lzg_Repair_85.pdb,A,B,37.8888,15.5958,-14.5978,-148.605,35.0524
180,YB453F;NB487Y;YB489F;TB500S;,./6lzg_Repair_74.pdb,A,B,37.2978,21.9193,-14.5671,-148.991,41.1371
181,YB453F;NB487Y;YB489F;VB503D;,./6lzg_Repair_176.pdb,A,B,37.2978,21.9825,-14.5535,-148.991,41.3563
182,YB453F;NB487Y;TB500S;,./6lzg_Repair_104.pdb,A,B,37.2669,21.9176,-14.5068,-148.776,41.4196
183,YB453F;NB487Y;VB503D;,./6lzg_Repair_62.pdb,A,B,37.2669,21.9842,-14.4903,-148.776,41.5917
184,YB453F;TB500S;VB503D;,./6lzg_Repair_110.pdb,A,B,37.8577,15.5309,-14.4801,-148.389,35.3607
185,YB453F;NB487K;YB489F;TB500S;VB503D;,./6lzg_Repair_92.pdb,A,B,37.8873,15.7804,-14.4677,-148.58,35.3969
186,YB453F;NB487K;TB500S;VB503D;,./6lzg_Repair_137.pdb,A,B,37.8577,15.7559,-14.4584,-148.387,35.6627
187,YB453F;NB487K;YB489F;TB500N;VB503D;,./6lzg_Repair_89.pdb,A,B,37.8969,15.7774,-14.4376,-148.511,34.9948
188,YB453F;NB487K;TB500N;VB503D;,./6lzg_Repair_184.pdb,A,B,37.8674,15.753,-14.4284,-148.31799999999998,35.2607
189,TB500N;VB503D;,./6lzg_Repair_197.pdb,A,B,37.8643,15.5152,-14.3831,-148.306,35.9859
190,NB487Y;TB500S;,./6lzg_Repair_37.pdb,A,B,37.2669,22.174,-14.345,-148.776,42.7424
191,NB487Y;YB489F;TB500N;,./6lzg_Repair_40.pdb,A,B,37.329,21.9535,-14.3446,-148.8,41.5718
192,NB487Y;TB500N;,./6lzg_Repair_193.pdb,A,B,37.2669,22.1774,-14.3422,-148.645,42.3687
193,NB487Y;VB503D;,./6lzg_Repair_106.pdb,A,B,37.2669,22.2406,-14.3285,-148.776,42.9151
194,NB487Y;YB489F;TB500S;,./6lzg_Repair_25.pdb,A,B,37.329,21.9565,-14.2571,-148.975,41.9767
195,TB500S;VB503D;,./6lzg_Repair_83.pdb,A,B,37.8577,15.5216,-14.2518,-148.389,36.3428
196,NB487Y;YB489F;VB503D;,./6lzg_Repair_136.pdb,A,B,37.329,22.0197,-14.2435,-148.975,42.1966
197,NB487K;TB500S;VB503D;,./6lzg_Repair_96.pdb,A,B,37.8577,15.133,-14.1195,-148.387,36.7792
198,NB487K;TB500N;VB503D;,./6lzg_Repair_8.pdb,A,B,37.8737,15.1301,-14.09,-148.30700000000002,36.3766
199,YB453F;NB487Y;YB489F;TB500N;VB503D;,./6lzg_Repair_196.pdb,A,B,37.3044,21.9819,-13.9357,-148.933,40.5144
200,YB453F;NB487Y;YB489F;TB500S;VB503D;,./6lzg_Repair_100.pdb,A,B,37.2978,21.9848,-13.8655,-148.991,40.9194
201,YB453F;NB487Y;TB500N;VB503D;,./6lzg_Repair_190.pdb,A,B,37.2673,21.9837,-13.844000000000001,-148.621,40.7616
202,YB453F;NB487Y;TB500S;VB503D;,./6lzg_Repair_24.pdb,A,B,37.2669,21.9866,-13.8023,-148.776,41.1548
203,NB487Y;TB500N;VB503D;,./6lzg_Repair_179.pdb,A,B,37.2738,22.2429,-13.7596,-148.697,42.1517
204,NB487Y;TB500S;VB503D;,./6lzg_Repair_117.pdb,A,B,37.2669,22.243000000000002,-13.6405,-148.776,42.4782
205,NB487Y;YB489F;TB500N;VB503D;,./6lzg_Repair_46.pdb,A,B,37.3356,22.0191,-13.6257,-148.917,41.3548
206,NB487Y;YB489F;TB500S;VB503D;,./6lzg_Repair_59.pdb,A,B,37.329,22.022,-13.5555,-148.975,41.7598
